{"type": "metrics", "dataset": "train", "precision": 0.9861214374225526, "balanced_accuracy": 0.9653372354614037, "recall": 0.9780618201929576, "f1_score": 0.9820750933267516}
{"type": "metrics", "dataset": "test", "precision": 0.8611548556430446, "balanced_accuracy": 0.6855907624292119, "recall": 0.9253983923283035, "f1_score": 0.8921215417034872}
{"type": "cm_matrix", "dataset": "train", "true_0": {"predicted_0": 15916, "predicted_1": 357}, "true_1": {"predicted_0": 224, "predicted_1": 4503}}
{"type": "cm_matrix", "dataset": "test", "true_0": {"predicted_0": 6562, "predicted_1": 529}, "true_1": {"predicted_0": 1058, "predicted_1": 851}}
